title,url,time,source
探访中华民族共同体体验馆，在北京胡同里见证“沪文化”,https://www.thepaper.cn/newsDetail_forward_30773107,2025-05-06 14:14:59,澎湃新闻
跨越时空的“精神返乡”，叶灵凤藏书票捐赠上海文学馆,https://www.thepaper.cn/newsDetail_forward_30797545,2025-05-10 20:46:48,澎湃新闻
梅花奖在上海｜朱洁静：穿越了人生暴风雨，舞台是最好良药,https://www.thepaper.cn/newsDetail_forward_30797517,2025-05-10 20:39:08,澎湃新闻
侧记｜青年为何来沪创新创业？从这一天寻找答案,https://www.thepaper.cn/newsDetail_forward_30797556,2025-05-10 20:29:52,澎湃新闻
银锄湖龙舟竞速，启幕普陀全民水上盛事,https://www.thepaper.cn/newsDetail_forward_30797742,2025-05-10 20:06:45,上海普陀
感受258米高空的极致浪漫，普陀开启云端结婚登记专属报名通道,https://www.thepaper.cn/newsDetail_forward_30797740,2025-05-10 20:06:45,上海普陀
重磅！上海个人住房公积金贷款利率下调！,https://www.thepaper.cn/newsDetail_forward_30797826,2025-05-10 19:42:48,市民云
构筑高地共伴成长，第六届上海创新创业青年50人论坛在沪举行,https://www.thepaper.cn/newsDetail_forward_30797458,2025-05-10 19:31:21,澎湃新闻
银龄大舞台，欢乐“艺起嗨”，青浦区举办2025老年人文艺展演,https://www.thepaper.cn/newsDetail_forward_30797759,2025-05-10 19:13:33,绿色青浦
当创业热土遇上年轻气息，上海南汇新城发展如何再发力？,https://www.thepaper.cn/newsDetail_forward_30797245,2025-05-10 19:09:02,澎湃新闻
闵行这所学校有个特殊社团，孩子们频频获奖,https://www.thepaper.cn/newsDetail_forward_30797795,2025-05-10 18:43:21,今日闵行
让文明成为一种生活方式！杨浦第二届文明生活节跨界玩出新花样,https://www.thepaper.cn/newsDetail_forward_30797823,2025-05-10 18:08:59,上海杨浦
【艺术矫治人生】药斑布——一场特殊的文化救赎,https://www.thepaper.cn/newsDetail_forward_30797683,2025-05-10 18:06:17,上海市监狱管理局
卢正已任上海市司法局党委委员、副局长,https://www.thepaper.cn/newsDetail_forward_30797414,2025-05-10 18:04:51,澎湃新闻
陈霄翔：在沪高校的人才资源对企业发展至关重要,https://www.thepaper.cn/newsDetail_forward_30797049,2025-05-10 17:49:47,澎湃新闻
人民日报｜国新办发布会聚焦民营经济促进法 以法治的稳定性增强发展的确定性,https://www.thepaper.cn/newsDetail_forward_30797685,2025-05-10 17:33:16,上海市司法局
上海劳模风采馆焕新升级后重新开放，展示480位劳模先进故事,https://www.thepaper.cn/newsDetail_forward_30797360,2025-05-10 17:31:07,澎湃新闻
复旦化学，迎接学科百年！校董捐赠，设立学科发展基金,https://www.thepaper.cn/newsDetail_forward_30797629,2025-05-10 17:09:13,复旦大学
七宝商圈旁非机动车乱停，市民：堵得下不去脚丨民情直通车,https://www.thepaper.cn/newsDetail_forward_30797793,2025-05-10 17:05:05,今日闵行
成就彼此，照亮世界：“中欧建交50周年论坛”在沪成功举行,https://www.thepaper.cn/newsDetail_forward_30797141,2025-05-10 16:52:48,澎湃新闻
质子重离子医院二期工程启动，多个医疗卫生项目在浦东积极推进,https://www.thepaper.cn/newsDetail_forward_30797082,2025-05-10 16:51:00,浦东发布
探访中华民族共同体体验馆，在北京胡同里见证“沪文化”,https://www.thepaper.cn/newsDetail_forward_30773107,2025-05-06 14:14:59,澎湃新闻
跨越时空的“精神返乡”，叶灵凤藏书票捐赠上海文学馆,https://www.thepaper.cn/newsDetail_forward_30797545,2025-05-10 20:46:48,澎湃新闻
梅花奖在上海｜朱洁静：穿越了人生暴风雨，舞台是最好良药,https://www.thepaper.cn/newsDetail_forward_30797517,2025-05-10 20:39:08,澎湃新闻
侧记｜青年为何来沪创新创业？从这一天寻找答案,https://www.thepaper.cn/newsDetail_forward_30797556,2025-05-10 20:29:52,澎湃新闻
银锄湖龙舟竞速，启幕普陀全民水上盛事,https://www.thepaper.cn/newsDetail_forward_30797742,2025-05-10 20:06:45,上海普陀
感受258米高空的极致浪漫，普陀开启云端结婚登记专属报名通道,https://www.thepaper.cn/newsDetail_forward_30797740,2025-05-10 20:06:45,上海普陀
重磅！上海个人住房公积金贷款利率下调！,https://www.thepaper.cn/newsDetail_forward_30797826,2025-05-10 19:42:48,市民云
构筑高地共伴成长，第六届上海创新创业青年50人论坛在沪举行,https://www.thepaper.cn/newsDetail_forward_30797458,2025-05-10 19:31:21,澎湃新闻
银龄大舞台，欢乐“艺起嗨”，青浦区举办2025老年人文艺展演,https://www.thepaper.cn/newsDetail_forward_30797759,2025-05-10 19:13:33,绿色青浦
当创业热土遇上年轻气息，上海南汇新城发展如何再发力？,https://www.thepaper.cn/newsDetail_forward_30797245,2025-05-10 19:09:02,澎湃新闻
闵行这所学校有个特殊社团，孩子们频频获奖,https://www.thepaper.cn/newsDetail_forward_30797795,2025-05-10 18:43:21,今日闵行
让文明成为一种生活方式！杨浦第二届文明生活节跨界玩出新花样,https://www.thepaper.cn/newsDetail_forward_30797823,2025-05-10 18:08:59,上海杨浦
【艺术矫治人生】药斑布——一场特殊的文化救赎,https://www.thepaper.cn/newsDetail_forward_30797683,2025-05-10 18:06:17,上海市监狱管理局
卢正已任上海市司法局党委委员、副局长,https://www.thepaper.cn/newsDetail_forward_30797414,2025-05-10 18:04:51,澎湃新闻
陈霄翔：在沪高校的人才资源对企业发展至关重要,https://www.thepaper.cn/newsDetail_forward_30797049,2025-05-10 17:49:47,澎湃新闻
人民日报｜国新办发布会聚焦民营经济促进法 以法治的稳定性增强发展的确定性,https://www.thepaper.cn/newsDetail_forward_30797685,2025-05-10 17:33:16,上海市司法局
上海劳模风采馆焕新升级后重新开放，展示480位劳模先进故事,https://www.thepaper.cn/newsDetail_forward_30797360,2025-05-10 17:31:07,澎湃新闻
复旦化学，迎接学科百年！校董捐赠，设立学科发展基金,https://www.thepaper.cn/newsDetail_forward_30797629,2025-05-10 17:09:13,复旦大学
七宝商圈旁非机动车乱停，市民：堵得下不去脚丨民情直通车,https://www.thepaper.cn/newsDetail_forward_30797793,2025-05-10 17:05:05,今日闵行
成就彼此，照亮世界：“中欧建交50周年论坛”在沪成功举行,https://www.thepaper.cn/newsDetail_forward_30797141,2025-05-10 16:52:48,澎湃新闻
质子重离子医院二期工程启动，多个医疗卫生项目在浦东积极推进,https://www.thepaper.cn/newsDetail_forward_30797082,2025-05-10 16:51:00,浦东发布
走进“365警官”的“斜杠身份”,https://www.thepaper.cn/newsDetail_forward_30797527,2025-05-10 16:49:58,上海宝山公安
臧凯：上海的支持，让初创企业收获更多来自外界的了解和信任,https://www.thepaper.cn/newsDetail_forward_30797086,2025-05-10 16:49:10,澎湃新闻
​民间厨神比拼“舌尖上的美味”,https://www.thepaper.cn/newsDetail_forward_30797660,2025-05-10 16:42:25,i金山
婚姻登记今日起“全国通办”,https://www.thepaper.cn/newsDetail_forward_30797659,2025-05-10 16:42:25,i金山
走近西子湖畔！上海法院实务专家在浙江大学开讲,https://www.thepaper.cn/newsDetail_forward_30797520,2025-05-10 16:33:04,上海高院
“5.1”专稿 | 从车间“国手”到职教“灯塔”！这位嘉定教师再获荣誉,https://www.thepaper.cn/newsDetail_forward_30797644,2025-05-10 16:03:49,上海嘉定
清水笋、糯玉米……公园里正在卖！这些绿色有机农产品等你来→,https://www.thepaper.cn/newsDetail_forward_30797292,2025-05-10 16:03:42,今日闵行
2025上海十大动漫IP评选活动启动,https://www.thepaper.cn/newsDetail_forward_30790335,2025-05-10 15:48:33,澎湃新闻
世联赛24人名单公布，中国女排刮起“青春风暴”,https://www.thepaper.cn/newsDetail_forward_30797274,2025-05-10 15:43:44,绿色青浦
针对隐藏式车门把手安全问题，工信部出手了！,https://www.thepaper.cn/newsDetail_forward_30797272,2025-05-10 15:43:44,绿色青浦
中国品牌日：来看电力“黑科技”如何赋能古镇发展,https://www.thepaper.cn/newsDetail_forward_30797271,2025-05-10 15:43:44,绿色青浦
两名游客凌晨被困景区栈桥 潜水救生员驾艇逆流而上成功救助,https://www.thepaper.cn/newsDetail_forward_30797657,2025-05-10 15:38:59,东海救助局
西井科技：探索人工智能领域更大发展空间，推动传统物流实现“数智化、绿色化”跃迁,https://www.thepaper.cn/newsDetail_forward_30797636,2025-05-10 15:34:35,上海长宁
健脾、养颜、调肺气！“五谷之首”竟有这么多好处！转给家人→,https://www.thepaper.cn/newsDetail_forward_30797633,2025-05-10 15:34:35,上海长宁
申城夏日“进场”倒计时，苦楝花化身“淡紫烟霞”清丽登场→,https://www.thepaper.cn/newsDetail_forward_30797684,2025-05-10 15:33:15,绿色上海
医联体织就“健康网”！奉贤上演暖心接力，孤老就医不再难,https://www.thepaper.cn/newsDetail_forward_30797670,2025-05-10 15:33:10,上海奉贤
来奉浦给灵魂一小时“静音模式”！空灵鼓沉浸式疗愈体验速来报名！,https://www.thepaper.cn/newsDetail_forward_30797669,2025-05-10 15:33:10,上海奉贤
邵天兰：上海几乎能找到所有与创新创业有关的场景需求,https://www.thepaper.cn/newsDetail_forward_30797006,2025-05-10 15:31:21,澎湃新闻
奥运冠军吴敏霞也来了，“一个鸡蛋”跑进第十五年,https://www.thepaper.cn/newsDetail_forward_30785082,2025-05-10 15:25:19,澎湃新闻
会英语的“哪吒”，出现在闵行校园里……,https://www.thepaper.cn/newsDetail_forward_30797293,2025-05-10 15:04:39,今日闵行
为教师提供十年健康服务！复旦与恒予健康签约，开通两条服务热线,https://www.thepaper.cn/newsDetail_forward_30797627,2025-05-10 14:49:34,复旦大学
“1+10+100+N”，上财研究生AI+课程体系发布！,https://www.thepaper.cn/newsDetail_forward_30797631,2025-05-10 14:40:10,上海财经大学
运动中如何正确调整呼吸？丨健身YOUNG生活⑧,https://www.thepaper.cn/newsDetail_forward_30797314,2025-05-10 14:33:24,上海杨浦
【公告】关于上海市2025年第二批异地搬迁高新技术企业名单的公告,https://www.thepaper.cn/newsDetail_forward_30797264,2025-05-10 14:03:37,上海科技
母亲节特辑 | 妈妈的“生活经”VS我的“法治课”，是双向奔赴的守护,https://www.thepaper.cn/newsDetail_forward_30797212,2025-05-10 14:03:14,上海检察
写给妈妈的三行情书·检察版,https://www.thepaper.cn/newsDetail_forward_30797211,2025-05-10 14:03:14,上海检察
领证不用户口本≠随便领，这些材料还是不能少→,https://www.thepaper.cn/newsDetail_forward_30797186,2025-05-10 14:03:08,上海嘉定
“云”游乡村，用助农直播擦亮嘉定农产品名片,https://www.thepaper.cn/newsDetail_forward_30797185,2025-05-10 14:03:08,上海嘉定
疑似“掺假”金条检测结果出炉，工行回应,https://www.thepaper.cn/newsDetail_forward_30797043,2025-05-10 13:51:23,上海网络辟谣
上海浦东机场T1国内出发安检24小时开放？回应：属实，五一假期开始的,https://www.thepaper.cn/newsDetail_forward_30797016,2025-05-10 13:41:10,上游新闻
手足口病高发，医生提醒→,https://www.thepaper.cn/newsDetail_forward_30797208,2025-05-10 13:03:03,i金山
金山这些集体和个人接受表彰！,https://www.thepaper.cn/newsDetail_forward_30797207,2025-05-10 13:03:03,i金山
上海市中心知名地标即将回归！曾被誉为“亚洲第一”,https://www.thepaper.cn/newsDetail_forward_30797097,2025-05-10 12:44:04,青春上海
陈丽俐 | 婺剧折子戏专场 | 第32届中国戏剧梅花奖 终评演员媒体见面会,https://www.thepaper.cn/newsDetail_forward_30797270,2025-05-10 12:39:17,上海文联
上海国动办系统致力推进国动（人防）宣教“进党校”“进机关”工作,https://www.thepaper.cn/newsDetail_forward_30797317,2025-05-10 12:38:48,上海国防动员
王兴兴：曾在上海获第一桶金，对年轻人来说包容是最好的土壤,https://www.thepaper.cn/newsDetail_forward_30796570,2025-05-10 12:36:41,澎湃新闻
突然晕厥的她被及时救治……,https://www.thepaper.cn/newsDetail_forward_30797168,2025-05-10 12:35:55,上海长宁
新侨驿站+1,https://www.thepaper.cn/newsDetail_forward_30797184,2025-05-10 12:18:36,上海嘉定
是“舞台”也是“课堂”！学校牵手剧院，开启美育共建新篇章,https://www.thepaper.cn/newsDetail_forward_30797183,2025-05-10 12:18:36,上海嘉定
智利观众也喜欢上海的《好东西》,https://www.thepaper.cn/newsDetail_forward_30793304,2025-05-10 12:11:17,澎湃新闻
